"index","file","url","bytes"
"1","gov.uscourts.dcd.288531.1.0.pdf","https://storage.courtlistener.com/recap/gov.uscourts.dcd.288531/gov.uscourts.dcd.288531.1.0.pdf","153720"
"2","gov.uscourts.dcd.288531.1.1.pdf","https://storage.courtlistener.com/recap/gov.uscourts.dcd.288531/gov.uscourts.dcd.288531.1.1.pdf","260831"
"3","gov.uscourts.dcd.288531.1.2.pdf","https://storage.courtlistener.com/recap/gov.uscourts.dcd.288531/gov.uscourts.dcd.288531.1.2.pdf","179257"
"4","gov.uscourts.dcd.288531.10.0.pdf","https://storage.courtlistener.com/recap/gov.uscourts.dcd.288531/gov.uscourts.dcd.288531.10.0.pdf","164067"
"5","gov.uscourts.dcd.288531.11.0.pdf","https://storage.courtlistener.com/recap/gov.uscourts.dcd.288531/gov.uscourts.dcd.288531.11.0.pdf","74057"
"6","gov.uscourts.dcd.288531.11.1.pdf","https://storage.courtlistener.com/recap/gov.uscourts.dcd.288531/gov.uscourts.dcd.288531.11.1.pdf","31078"
"7","gov.uscourts.dcd.288531.12.0.pdf","https://storage.courtlistener.com/recap/gov.uscourts.dcd.288531/gov.uscourts.dcd.288531.12.0.pdf","359210"
"8","gov.uscourts.dcd.288531.13.0.pdf","https://storage.courtlistener.com/recap/gov.uscourts.dcd.288531/gov.uscourts.dcd.288531.13.0.pdf","350300"
"9","gov.uscourts.dcd.288531.14.0.pdf","https://storage.courtlistener.com/recap/gov.uscourts.dcd.288531/gov.uscourts.dcd.288531.14.0.pdf","163745"
"10","gov.uscourts.dcd.288531.15.0.pdf","https://storage.courtlistener.com/recap/gov.uscourts.dcd.288531/gov.uscourts.dcd.288531.15.0.pdf","537367"
"11","gov.uscourts.dcd.288531.16.0.pdf","https://storage.courtlistener.com/recap/gov.uscourts.dcd.288531/gov.uscourts.dcd.288531.16.0.pdf","287600"
"12","gov.uscourts.dcd.288531.16.1.pdf","https://storage.courtlistener.com/recap/gov.uscourts.dcd.288531/gov.uscourts.dcd.288531.16.1.pdf","462689"
"13","gov.uscourts.dcd.288531.16.2.pdf","https://storage.courtlistener.com/recap/gov.uscourts.dcd.288531/gov.uscourts.dcd.288531.16.2.pdf","153711"
"14","gov.uscourts.dcd.288531.16.3.pdf","https://storage.courtlistener.com/recap/gov.uscourts.dcd.288531/gov.uscourts.dcd.288531.16.3.pdf","261187"
"15","gov.uscourts.dcd.288531.17.0.pdf","https://storage.courtlistener.com/recap/gov.uscourts.dcd.288531/gov.uscourts.dcd.288531.17.0.pdf","122807"
"16","gov.uscourts.dcd.288531.18.0.pdf","https://storage.courtlistener.com/recap/gov.uscourts.dcd.288531/gov.uscourts.dcd.288531.18.0.pdf","165247"
"17","gov.uscourts.dcd.288531.19.0.pdf","https://storage.courtlistener.com/recap/gov.uscourts.dcd.288531/gov.uscourts.dcd.288531.19.0.pdf","175891"
"18","gov.uscourts.dcd.288531.19.1.pdf","https://storage.courtlistener.com/recap/gov.uscourts.dcd.288531/gov.uscourts.dcd.288531.19.1.pdf","117029"
"19","gov.uscourts.dcd.288531.2.0.pdf","https://storage.courtlistener.com/recap/gov.uscourts.dcd.288531/gov.uscourts.dcd.288531.2.0.pdf","31631"
"20","gov.uscourts.dcd.288531.20.0.pdf","https://storage.courtlistener.com/recap/gov.uscourts.dcd.288531/gov.uscourts.dcd.288531.20.0.pdf","451305"
"21","gov.uscourts.dcd.288531.20.1.pdf","https://storage.courtlistener.com/recap/gov.uscourts.dcd.288531/gov.uscourts.dcd.288531.20.1.pdf","298996"
"22","gov.uscourts.dcd.288531.21.0.pdf","https://storage.courtlistener.com/recap/gov.uscourts.dcd.288531/gov.uscourts.dcd.288531.21.0.pdf","457058"
"23","gov.uscourts.dcd.288531.21.1.pdf","https://storage.courtlistener.com/recap/gov.uscourts.dcd.288531/gov.uscourts.dcd.288531.21.1.pdf","298996"
"24","gov.uscourts.dcd.288531.22.0.pdf","https://storage.courtlistener.com/recap/gov.uscourts.dcd.288531/gov.uscourts.dcd.288531.22.0.pdf","299699"
"25","gov.uscourts.dcd.288531.22.1.pdf","https://storage.courtlistener.com/recap/gov.uscourts.dcd.288531/gov.uscourts.dcd.288531.22.1.pdf","190814"
"26","gov.uscourts.dcd.288531.23.0.pdf","https://storage.courtlistener.com/recap/gov.uscourts.dcd.288531/gov.uscourts.dcd.288531.23.0.pdf","152182"
"27","gov.uscourts.dcd.288531.23.1.pdf","https://storage.courtlistener.com/recap/gov.uscourts.dcd.288531/gov.uscourts.dcd.288531.23.1.pdf","153582"
"28","gov.uscourts.dcd.288531.24.0.pdf","https://storage.courtlistener.com/recap/gov.uscourts.dcd.288531/gov.uscourts.dcd.288531.24.0.pdf","103459"
"29","gov.uscourts.dcd.288531.24.1.pdf","https://storage.courtlistener.com/recap/gov.uscourts.dcd.288531/gov.uscourts.dcd.288531.24.1.pdf","30377"
"30","gov.uscourts.dcd.288531.25.0.pdf","https://storage.courtlistener.com/recap/gov.uscourts.dcd.288531/gov.uscourts.dcd.288531.25.0.pdf","63618"
"31","gov.uscourts.dcd.288531.3.0.pdf","https://storage.courtlistener.com/recap/gov.uscourts.dcd.288531/gov.uscourts.dcd.288531.3.0.pdf","140705"
"32","gov.uscourts.dcd.288531.4.0.pdf","https://storage.courtlistener.com/recap/gov.uscourts.dcd.288531/gov.uscourts.dcd.288531.4.0.pdf","141048"
"33","gov.uscourts.dcd.288531.5.0.pdf","https://storage.courtlistener.com/recap/gov.uscourts.dcd.288531/gov.uscourts.dcd.288531.5.0.pdf","56694"
"34","gov.uscourts.dcd.288531.5.1.pdf","https://storage.courtlistener.com/recap/gov.uscourts.dcd.288531/gov.uscourts.dcd.288531.5.1.pdf","142113"
"35","gov.uscourts.dcd.288531.5.2.pdf","https://storage.courtlistener.com/recap/gov.uscourts.dcd.288531/gov.uscourts.dcd.288531.5.2.pdf","953463"
"36","gov.uscourts.dcd.288531.5.3.pdf","https://storage.courtlistener.com/recap/gov.uscourts.dcd.288531/gov.uscourts.dcd.288531.5.3.pdf","132376"
"37","gov.uscourts.dcd.288531.5.4.pdf","https://storage.courtlistener.com/recap/gov.uscourts.dcd.288531/gov.uscourts.dcd.288531.5.4.pdf","175152"
"38","gov.uscourts.dcd.288531.5.5.pdf","https://storage.courtlistener.com/recap/gov.uscourts.dcd.288531/gov.uscourts.dcd.288531.5.5.pdf","156212"
"39","gov.uscourts.dcd.288531.5.6.pdf","https://storage.courtlistener.com/recap/gov.uscourts.dcd.288531/gov.uscourts.dcd.288531.5.6.pdf","240346"
"40","gov.uscourts.dcd.288531.5.7.pdf","https://storage.courtlistener.com/recap/gov.uscourts.dcd.288531/gov.uscourts.dcd.288531.5.7.pdf","30925"
"41","gov.uscourts.dcd.288531.6.0.pdf","https://storage.courtlistener.com/recap/gov.uscourts.dcd.288531/gov.uscourts.dcd.288531.6.0.pdf","40135"
"42","gov.uscourts.dcd.288531.6.1.pdf","https://storage.courtlistener.com/recap/gov.uscourts.dcd.288531/gov.uscourts.dcd.288531.6.1.pdf","205014"
"43","gov.uscourts.dcd.288531.6.2.pdf","https://storage.courtlistener.com/recap/gov.uscourts.dcd.288531/gov.uscourts.dcd.288531.6.2.pdf","184596"
"44","gov.uscourts.dcd.288531.6.3.pdf","https://storage.courtlistener.com/recap/gov.uscourts.dcd.288531/gov.uscourts.dcd.288531.6.3.pdf","60158"
"45","gov.uscourts.dcd.288531.7.0.pdf","https://storage.courtlistener.com/recap/gov.uscourts.dcd.288531/gov.uscourts.dcd.288531.7.0.pdf","40297"
"46","gov.uscourts.dcd.288531.7.1.pdf","https://storage.courtlistener.com/recap/gov.uscourts.dcd.288531/gov.uscourts.dcd.288531.7.1.pdf","219018"
"47","gov.uscourts.dcd.288531.7.2.pdf","https://storage.courtlistener.com/recap/gov.uscourts.dcd.288531/gov.uscourts.dcd.288531.7.2.pdf","124954"
"48","gov.uscourts.dcd.288531.7.3.pdf","https://storage.courtlistener.com/recap/gov.uscourts.dcd.288531/gov.uscourts.dcd.288531.7.3.pdf","58869"
"49","gov.uscourts.dcd.288531.8.0.pdf","https://storage.courtlistener.com/recap/gov.uscourts.dcd.288531/gov.uscourts.dcd.288531.8.0.pdf","475983"
"50","gov.uscourts.dcd.288531.8.1.pdf","https://storage.courtlistener.com/recap/gov.uscourts.dcd.288531/gov.uscourts.dcd.288531.8.1.pdf","186067"
"51","gov.uscourts.dcd.288531.9.0.pdf","https://storage.courtlistener.com/recap/gov.uscourts.dcd.288531/gov.uscourts.dcd.288531.9.0.pdf","47068"
"52","gov.uscourts.dcd.288531.9.1.pdf","https://storage.courtlistener.com/recap/gov.uscourts.dcd.288531/gov.uscourts.dcd.288531.9.1.pdf","78796"
"53","gov.uscourts.dcd.288531.9.2.pdf","https://storage.courtlistener.com/recap/gov.uscourts.dcd.288531/gov.uscourts.dcd.288531.9.2.pdf","223517"
"54","gov.uscourts.dcd.288531.9.3.pdf","https://storage.courtlistener.com/recap/gov.uscourts.dcd.288531/gov.uscourts.dcd.288531.9.3.pdf","60132"
